id,task_id,status,channel_id,quota,submit_time,start_time,finish_time,progress,properties
193,task_LRZF8U9egvAYJeup7qOctFmavuQahfWg,SUCCESS,3,87671,1786618490,1786618496,0,100%,"{""input"":"""",""upstream_model_name"":""AP Seedance-2.0 轻量版"",""origin_model_name"":""AP Seedance-2.0 轻量版""}"
194,task_0EHpZN5R982PAgwilR6pJzgPH1bWrqVl,SUCCESS,3,87671,1786618886,0,0,100%,"{""input"":"""",""upstream_model_name"":""AP Seedance-2.0 轻量版"",""origin_model_name"":""AP Seedance-2.0 轻量版""}"
195,task_80Id3D5hw6cQqP5S90km4YEz4PzziAWB,SUCCESS,3,87671,1786618886,1786618902,0,100%,"{""input"":"""",""upstream_model_name"":""AP Seedance-2.0 轻量版"",""origin_model_name"":""AP Seedance-2.0 轻量版""}"
196,task_WZDNk8GX12Sxk5EgxDQm0cqxwpKAkXyz,SUCCESS,3,87671,1786618887,1786618903,0,100%,"{""input"":"""",""upstream_model_name"":""AP Seedance-2.0 轻量版"",""origin_model_name"":""AP Seedance-2.0 轻量版""}"
197,task_Sm8PoYoyx2VYMreCp2YmtGIgaB55LHIe,SUCCESS,3,87671,1786618887,1786619140,0,100%,"{""input"":"""",""upstream_model_name"":""AP Seedance-2.0 轻量版"",""origin_model_name"":""AP Seedance-2.0 轻量版""}"
198,task_RRZS9hUAYyobsl9LrXxW4GIXGlhhgwDW,SUCCESS,3,87671,1786618887,1786619141,0,100%,"{""input"":"""",""upstream_model_name"":""AP Seedance-2.0 轻量版"",""origin_model_name"":""AP Seedance-2.0 轻量版""}"
199,task_Hsn58dprChAbexkq7ObbZPJJ3txwoH5m,SUCCESS,3,87671,1786618887,1786619036,0,100%,"{""input"":"""",""upstream_model_name"":""AP Seedance-2.0 轻量版"",""origin_model_name"":""AP Seedance-2.0 轻量版""}"
200,task_Ij67XYtJOdZ6ID6iMvMi24R9QRFBECbc,SUCCESS,3,87671,1786618887,1786618912,1786619038,100%,"{""input"":"""",""upstream_model_name"":""AP Seedance-2.0 轻量版"",""origin_model_name"":""AP Seedance-2.0 轻量版""}"
201,task_ozNygizCkUPwHU8gEEwhcEJ5wfOzl2gA,SUCCESS,3,87671,1786618887,1786619142,0,100%,"{""input"":"""",""upstream_model_name"":""AP Seedance-2.0 轻量版"",""origin_model_name"":""AP Seedance-2.0 轻量版""}"
202,task_qQZw3nxTPYB61siGKKR24GQsE1KFvFgn,SUCCESS,3,87671,1786618887,1786618915,1786619041,100%,"{""input"":"""",""upstream_model_name"":""AP Seedance-2.0 轻量版"",""origin_model_name"":""AP Seedance-2.0 轻量版""}"
203,task_CfBx2BPGUsw7aSIUuXmPKJ4PT08y26lU,SUCCESS,3,87671,1786618887,1786618917,1786619043,100%,"{""input"":"""",""upstream_model_name"":""AP Seedance-2.0 轻量版"",""origin_model_name"":""AP Seedance-2.0 轻量版""}"
204,task_cZXRDOCHuJDWdZ3q7SqrhwD8VpE9sqwW,SUCCESS,3,87671,1786618887,1786619045,0,100%,"{""input"":"""",""upstream_model_name"":""AP Seedance-2.0 轻量版"",""origin_model_name"":""AP Seedance-2.0 轻量版""}"
205,task_f6Yj9oWPRRS7FOGeGHqchEs2RwShFy7L,SUCCESS,3,87671,1786618887,1786618921,0,100%,"{""input"":"""",""upstream_model_name"":""AP Seedance-2.0 轻量版"",""origin_model_name"":""AP Seedance-2.0 轻量版""}"
206,task_Kz67fgDYnQvNEq5qvvmbUvhzNr6aIOCZ,SUCCESS,3,87671,1786618887,1786618923,0,100%,"{""input"":"""",""upstream_model_name"":""AP Seedance-2.0 轻量版"",""origin_model_name"":""AP Seedance-2.0 轻量版""}"
207,task_gHRFjHdnhZ8wHoRBn9MgZyIELsqeN6As,SUCCESS,3,87671,1786618887,1786618925,0,100%,"{""input"":"""",""upstream_model_name"":""AP Seedance-2.0 轻量版"",""origin_model_name"":""AP Seedance-2.0 轻量版""}"
208,task_67tAwMrLLGWpedfSNhSQAEai83mrECrX,SUCCESS,3,87671,1786618887,1786619052,0,100%,"{""input"":"""",""upstream_model_name"":""AP Seedance-2.0 轻量版"",""origin_model_name"":""AP Seedance-2.0 轻量版""}"
209,task_OMAing9HbhahQ8JaDMwyWaaOcJhbPXjT,SUCCESS,3,87671,1786618887,1786619146,1786619250,100%,"{""input"":"""",""upstream_model_name"":""AP Seedance-2.0 轻量版"",""origin_model_name"":""AP Seedance-2.0 轻量版""}"
210,task_bsrNtFfbJqbM6escxLxwDVnY3qbvtjfj,SUCCESS,3,87671,1786618887,1786618931,0,100%,"{""input"":"""",""upstream_model_name"":""AP Seedance-2.0 轻量版"",""origin_model_name"":""AP Seedance-2.0 轻量版""}"
211,task_PJ1m798JBEUSmZ3hsBOtxCi4N7hVvWXF,SUCCESS,3,87671,1786618887,1786619147,0,100%,"{""input"":"""",""upstream_model_name"":""AP Seedance-2.0 轻量版"",""origin_model_name"":""AP Seedance-2.0 轻量版""}"
212,task_fVbpiQQfZS5IsTCgl7O4MGYnAY98qnRV,SUCCESS,3,87671,1786618887,1786619060,0,100%,"{""input"":"""",""upstream_model_name"":""AP Seedance-2.0 轻量版"",""origin_model_name"":""AP Seedance-2.0 轻量版""}"
213,task_aNfjwLTpL5jS9l5wpjCboeDcaatNg2zi,SUCCESS,3,87671,1786618887,0,0,100%,"{""input"":"""",""upstream_model_name"":""AP Seedance-2.0 轻量版"",""origin_model_name"":""AP Seedance-2.0 轻量版""}"
214,task_qhDEAfYOIMsKUldPhaxu1kOQPT6EBI0I,SUCCESS,3,87671,1786618887,0,0,100%,"{""input"":"""",""upstream_model_name"":""AP Seedance-2.0 轻量版"",""origin_model_name"":""AP Seedance-2.0 轻量版""}"
215,task_SCfD7hqV0QrN5pP1tmq8LE4tz5OwEFuZ,SUCCESS,3,87671,1786618887,0,0,100%,"{""input"":"""",""upstream_model_name"":""AP Seedance-2.0 轻量版"",""origin_model_name"":""AP Seedance-2.0 轻量版""}"
216,task_dJB1YhTTx7Mc11rHsZ5AOVclZjtKq4hF,SUCCESS,3,87671,1786618887,1786619151,1786619252,100%,"{""input"":"""",""upstream_model_name"":""AP Seedance-2.0 轻量版"",""origin_model_name"":""AP Seedance-2.0 轻量版""}"
217,task_1dO3VKLLYfYpe0gv6RPDB3dCFWS6s16z,SUCCESS,3,87671,1786618887,1786619072,0,100%,"{""input"":"""",""upstream_model_name"":""AP Seedance-2.0 轻量版"",""origin_model_name"":""AP Seedance-2.0 轻量版""}"
218,task_b7yrbsAQhG1ekAhVtgttSPLYTnywsWNx,SUCCESS,3,87671,1786618887,1786619153,0,100%,"{""input"":"""",""upstream_model_name"":""AP Seedance-2.0 轻量版"",""origin_model_name"":""AP Seedance-2.0 轻量版""}"
219,task_yxSV75Vd2S9i6XUTmSkTtj38i7Z9hIPh,SUCCESS,3,87671,1786618887,1786619155,0,100%,"{""input"":"""",""upstream_model_name"":""AP Seedance-2.0 轻量版"",""origin_model_name"":""AP Seedance-2.0 轻量版""}"
220,task_RNca83s4jRcyPmOJd72uTZxsvRz6rtbO,SUCCESS,3,87671,1786618887,1786619157,0,100%,"{""input"":"""",""upstream_model_name"":""AP Seedance-2.0 轻量版"",""origin_model_name"":""AP Seedance-2.0 轻量版""}"
221,task_XlzLx64OLfM3QvZBEVZUlRbMrLH8wyEp,SUCCESS,3,87671,1786618888,1786619159,1786619226,100%,"{""input"":"""",""upstream_model_name"":""AP Seedance-2.0 轻量版"",""origin_model_name"":""AP Seedance-2.0 轻量版""}"
222,task_oXL86k7I5Sv0RuBPs1GZhd50N3zINezG,SUCCESS,3,87671,1786618888,1786619085,1786619161,100%,"{""input"":"""",""upstream_model_name"":""AP Seedance-2.0 轻量版"",""origin_model_name"":""AP Seedance-2.0 轻量版""}"
223,task_Uao64webcq6iQPBQgZkdHSyDO7iCzGZ8,SUCCESS,3,87671,1786618888,0,0,100%,"{""input"":"""",""upstream_model_name"":""AP Seedance-2.0 轻量版"",""origin_model_name"":""AP Seedance-2.0 轻量版""}"
224,task_BGCftSrPItkiY63C2vdEG36XQ3q4bsUU,SUCCESS,3,87671,1786618888,0,0,100%,"{""input"":"""",""upstream_model_name"":""AP Seedance-2.0 轻量版"",""origin_model_name"":""AP Seedance-2.0 轻量版""}"
225,task_O2ePgy58v6FkJwJy1OtDXlzD3Jh1oOpR,SUCCESS,3,87671,1786618888,1786619165,0,100%,"{""input"":"""",""upstream_model_name"":""AP Seedance-2.0 轻量版"",""origin_model_name"":""AP Seedance-2.0 轻量版""}"
226,task_nO23Re0ZgPaldynnyWU04rWrfSz2z9e4,SUCCESS,3,87671,1786618888,0,1786619091,100%,"{""input"":"""",""upstream_model_name"":""AP Seedance-2.0 轻量版"",""origin_model_name"":""AP Seedance-2.0 轻量版""}"
227,task_eT9xOCCxVCgrRPREFVoSJePWxD1nXmJJ,SUCCESS,3,87671,1786618888,0,0,100%,"{""input"":"""",""upstream_model_name"":""AP Seedance-2.0 轻量版"",""origin_model_name"":""AP Seedance-2.0 轻量版""}"
228,task_rWfxZdS5sgTzjvB2oaIg46HJjXS6m8IC,SUCCESS,3,87671,1786618888,1786619094,0,100%,"{""input"":"""",""upstream_model_name"":""AP Seedance-2.0 轻量版"",""origin_model_name"":""AP Seedance-2.0 轻量版""}"
229,task_CIfntlgx2hGm19QVf7lFQYcqqqr7McKx,SUCCESS,3,87671,1786618888,1786619096,0,100%,"{""input"":"""",""upstream_model_name"":""AP Seedance-2.0 轻量版"",""origin_model_name"":""AP Seedance-2.0 轻量版""}"
230,task_tn4s4XcsKPTQWTrfxBstUx2FwLDDCgwq,SUCCESS,3,87671,1786618888,0,0,100%,"{""input"":"""",""upstream_model_name"":""AP Seedance-2.0 轻量版"",""origin_model_name"":""AP Seedance-2.0 轻量版""}"
231,task_7rywdjSx28BXfqScg8htIAn22VYPW6yR,SUCCESS,3,87671,1786618888,0,1786619171,100%,"{""input"":"""",""upstream_model_name"":""AP Seedance-2.0 轻量版"",""origin_model_name"":""AP Seedance-2.0 轻量版""}"
232,task_hq1Q6rLl3PVczHQDVt97hWrOeABbXDrL,SUCCESS,3,87671,1786618888,0,0,100%,"{""input"":"""",""upstream_model_name"":""AP Seedance-2.0 轻量版"",""origin_model_name"":""AP Seedance-2.0 轻量版""}"
233,task_zdypHK6ufHqwwFY50cYNcPIG4Bunt40e,SUCCESS,3,87671,1786618888,1786618986,0,100%,"{""input"":"""",""upstream_model_name"":""AP Seedance-2.0 轻量版"",""origin_model_name"":""AP Seedance-2.0 轻量版""}"
234,task_qkk3jgfFbS7QjxHRYwN1733gqxmoe6VK,SUCCESS,3,87671,1786618889,1786618989,0,100%,"{""input"":"""",""upstream_model_name"":""AP Seedance-2.0 轻量版"",""origin_model_name"":""AP Seedance-2.0 轻量版""}"
235,task_511RCIp8VnOcZSptlkiuL5eoDLHToJOv,SUCCESS,3,87671,1786618889,0,0,100%,"{""input"":"""",""upstream_model_name"":""AP Seedance-2.0 轻量版"",""origin_model_name"":""AP Seedance-2.0 轻量版""}"
236,task_eJRP8w89BkDLgkDpTdjqzhq2UgUDUQhB,SUCCESS,3,87671,1786618889,1786619174,0,100%,"{""input"":"""",""upstream_model_name"":""AP Seedance-2.0 轻量版"",""origin_model_name"":""AP Seedance-2.0 轻量版""}"
237,task_6DeU7VQ8naA854OnwvQoe0aIsuIFkzfJ,SUCCESS,3,87671,1786618889,1786619176,0,100%,"{""input"":"""",""upstream_model_name"":""AP Seedance-2.0 轻量版"",""origin_model_name"":""AP Seedance-2.0 轻量版""}"
238,task_uEtK1cWJXgCkZ0t8y4inkcxG3yfC6NNO,SUCCESS,3,87671,1786618889,0,0,100%,"{""input"":"""",""upstream_model_name"":""AP Seedance-2.0 轻量版"",""origin_model_name"":""AP Seedance-2.0 轻量版""}"
239,task_Co0cykv7HN7mZq3A5o0ZS17ckxdtRrP4,SUCCESS,3,87671,1786618890,0,0,100%,"{""input"":"""",""upstream_model_name"":""AP Seedance-2.0 轻量版"",""origin_model_name"":""AP Seedance-2.0 轻量版""}"
240,task_UuxFdxca306YkuI9BrQGE74t70HX5VCa,SUCCESS,3,87671,1786618890,1786619120,0,100%,"{""input"":"""",""upstream_model_name"":""AP Seedance-2.0 轻量版"",""origin_model_name"":""AP Seedance-2.0 轻量版""}"
241,task_5upFc80YnihocuopODr2bPPBNtb9D3CT,SUCCESS,3,87671,1786618891,0,0,100%,"{""input"":"""",""upstream_model_name"":""AP Seedance-2.0 轻量版"",""origin_model_name"":""AP Seedance-2.0 轻量版""}"
242,task_F9LvhYgZzN1VQiJxI6YvXPBjlLw0evRF,SUCCESS,3,87671,1786618891,0,0,100%,"{""input"":"""",""upstream_model_name"":""AP Seedance-2.0 轻量版"",""origin_model_name"":""AP Seedance-2.0 轻量版""}"
